Idsalida,d,m,y,zona,ycodif,WPT,impactos,dientes,edad,sexo,altocruz,anchocruz,largo,CE,nutri,abertura,extrmuni,fotogral,fotodent,preñez
20180128BSS,28,01,2018,BSS,3,BSS01,2,8,5,M,NA,125,290,34,MB,SI,NO,SI,SI,NC
20190224BSS,24,02,2019,BSS,4,BSS02,3,8,5,M,163,120,300,40,MB,SI,NO,SI,SI,NC
20190224BSS,24,02,2019,BSS,4,BSS03,5,8,5,M,162,122,300,35,MB,NO,SI,SI,SI,NC
20191210BSS,10,12,2019,BSS,4,BSS4,1,6,4,M,NA,NA,NA,NA,MB,SI,NO,SI,SI,NC
20180423MSC,23,04,2018,MSC,3,MSC01,3,NA,5,M,160,NA,240,NA,MB,si,NO,si,si,NC
20180423MSC,23,04,2018,MSC,3,MSC02,1,NA,5,M,165,NA,234,NA,MB,si,NO,SI,SI,NC
20180423MSC,23,04,2018,MSC,3,MSC03,1,NA,5,H,171,NA,246,NA,MB,si,NO,si,si,si
20180423MSC,23,04,2018,MSC,3,MSC04,1,NA,5,M,150,NA,259,NA,MB,si,NO,si,si,NC
20190411MSC,11,04,2019,MSC,4,MSC 5 ,3,NA,2,H,NA,NA,NA,NA,NA,NA,NA,NA,NA,no
20171110BSE,10,11,2017,BSE,2,BSE1,4,8,5,M,160,109,270,37,MB,SI,NO,SI,SI,NC
20181029BSE,29,10,2018,BSE,3,BSE2,2,8,5,M,140,100,206,30,MB,SI,NO,SI,SI,NC
20181029BSE,29,10,2018,BSE,3,BSE3,4,8,5,M,161,164,300,NA,MB,SI,NO,SI,SI,NC
20181029BSE,29,10,2018,BSE,3,BSE4,1,DL,1,M,124,66,193,NA,R,SI,NO,SI,SI,NC
20181029BSE,29,10,2018,BSE,3,BSE5,,8,5,M,140,110,270,NA,MB,SI,NO,SI,SI,NC
20190910BSE,10,09,2019,BSE,4,BSE6,2,8,5,M,153,108,271,37,MB,SI,NO,SI,SI,NC
20191108BSE,08,11,2019,BSE,4,BSE7,4,8,5,M,NA,NA,NA,NA,MB,SI,NO,SI,SI,NC
20170521BSO,21,05,2017,BSO,2,BSO1,1,8,5,M,157,107,278,36,MB,si,no,si,si,NC
20170521BSO,21,05,2017,BSO,2,BSO2,1,2,2,M,150,77,232,31,D,si,no,si,si,NC
20170521BSO,21,05,2017,BSO,2,BSO3,3,8,5,M,160,110,244,NA,MB,si,no,si,si,NC
20170521BSO,21,05,2017,BSO,2,BSO4,1,DL,1,H,115,74,174,NA,MB,si,no,si,si,no
20170521BSO,21,05,2017,BSO,2,BSO5,3,8,5,H,128,95,271,NA,R,si,no,si,si,no
20170521BSO,21,05,2017,BSO,2,BSO6,1,8,5,H,138,91,247,NA,MB,si,no,si,si,si
20170521BSO,21,05,2017,BSO,2,BSO7,1,NA,2,H,132,96,226,NA,MB,si,no,si,si,no
20170521BSO,21,05,2017,BSO,2,BSO8,1,DL,1,H,130,85,217,NA,MB,si,no,si,si,no
20170521BSO,21,05,2017,BSO,2,BSO9,1,DL,1,H,111,70,178,NA,MB,si,no,si,si,no
20170521BSO,21,05,2017,BSO,2,BSO10,4,8,5,H,153,105,260,NA,MB,si,no,si,si,si
20180522BSO,22,05,2018,BSO,3,BSO11,1,8,5,M,167,125,287,40,MB,si,no,si,si,NC
20180225BSO,25,02,2018,BSO,3,BSO12,1,DL,1,M,79,52,127,11,MB,si,no,si,si,NC
20180225BSO,25,02,2018,BSO,3,BSO13,5,8,5,M,180,115,285,40,MB,si,no,si,si,NC
20180225BSO,25,02,2018,BSO,3,BSO14,2,2,2,H,137,86,223,NA,MB,si,no,si,si,si
20180225BSO,25,02,2018,BSO,3,BSO15,2,8,5,M,160,124,252,38,MB,si,no,si,si,NC
20180225BSO,25,02,2018,BSO,3,BSO16,3,8,5,H,122,85,200,NA,MB,si,no,si,si,no
20180226BSO,26,02,2018,BSO,3,BSO17,1,8,5,M,163,120,267,31,MB,si,no,si,si,NC
20180226BSO,26,02,2018,BSO,3,BSO18,2,DL,1,M,130,81,206,34,MB,si,no,si,si,NC
20180226BSO,26,02,2018,BSO,3,BSO19,2,2,2,M,148,99,236,31,MB,si,no,si,si,NC
20180226BSO,26,02,2018,BSO,3,BSO20,3,8,5,M,167,128,277,37,MB,si,no,si,si,NC
20180324BSO,24,03,2018,BSO,3,BSO21,1,DL,1,M,140,97,228,28,MB,si,no,si,si,NC
20180324BSO,24,03,2018,BSO,3,BSO22,4,8,5,M,168,118,290,36,MB,si,no,si,si,NC
20180324BSO,24,03,2018,BSO,3,BSO23,4,2,2,M,156,118,257,33,MB,si,no,si,si,NC
20180325BSO,25,03,2018,BSO,3,BSO24,2,8,5,M,176,124,260,36,MB,,,,,NC
20180325BSO,25,03,2018,BSO,3,BSO25,3,DL,1,H,106,60,140,NA,MB,,,,,no
20180325BSO,25,03,2018,BSO,3,BSO26,1,DL,1,H,95,59,136,NA,MB,,,,,no
20180325BSO,25,03,2018,BSO,3,BSO27,2,2,2,H,139,87,219,NA,MB,,,,,no
20180418BSO,18,04,2018,BSO,3,BSO28,2,8,5,M,160,115,270,34,MB,si,no,si,si,NC
20180418BSO,18,04,2018,BSO,3,BSO29,2,8,5,M,178,120,270,40,MB,SI,no,si,si,NC
20180418BSO,18,04,2018,BSO,3,BSO30,4,8,5,M,140,110,270,38,MB,SI,no,si,si,NC
20180418BSO,18,04,2018,BSO,3,BSO31,2,8,5,M,160,110,270,33,MB,SI,no,si,si,NC
20180419BSO,19,04,2018,BSO,3,BSO32,3,8,5,M,160,110,290,33,MB,si,no,si,si,NC
20180420BSO,20,04,2018,BSO,3,BSO33,1,8,5,M,160,112,285,38,MB,si,no,si,si,NC
20181020BSO,20,10,2018,BSO,3,BSO34,2,8,5,H,130,80,245,NA,R,SI,NO,SI,SI,si
20181020BSO,20,10,2018,BSO,3,BSO35,1,8,5,H,121,73,215,NA,R,SI,NO,SI,SI,si
20181020BSO,20,10,2018,BSO,3,BSO36,1,4,3,H,113,72,220,NA,R,SI,NO,SI,SI,no
20181021BSO,21,10,2018,BSO,3,BSO37,1,DL,1,H,110,61,167,NA,MB,SI,NO,SI,SI,no
20190325BSO,25,03,2019,BSO,4,BSO38,2,2,2,M,124,88,239,33,MB,si,no,si,si,NC
20190326BSO,26,03,2019,BSO,4,BSO39,3,DL,1,H,123,85,200,NA,MB,si,no,si,si,no
20190326BSO,26,03,2019,BSO,4,BSO40,1,DL,1,H,93,59,138,NA,MB,si,no,si,si,no
20190326BSO,26,03,2019,BSO,4,BSO41,2,8,5,M,150,105,278,39,MB,si,no,si,si,NC
20190326BSO,26,03,2019,BSO,4,BSO42,2,8,5,M,145,103,266,39,MB,si,no,si,si,NC
20190326BSO,26,03,2019,BSO,4,BSO43,1,6,4,H,117,89,237,NA,MB,si,no,si,si,si
20190326BSO,26,03,2019,BSO,4,BSO44,2,DL,1,H,105,71,193,NA,MB,si,no,si,si,no
20190326BSO,26,03,2019,BSO,4,BSO45,3,6,4,H,129,88,222,NA,MB,si,no,si,si,si
20190326BSO,26,03,2019,BSO,4,BSO46,2,2,2,M,130,90,247,31,MB,si,no,si,si,NC
20190326BSO,26,03,2019,BSO,4,BSO47,1,DL,1,H,103,71,189,NA,MB,si,no,si,si,no
20190326BSO,26,03,2019,BSO,4,BSO48,2,DL,1,H,115,84,200,NA,MB,si,no,si,si,no
20190326BSO,26,03,2019,BSO,4,BSO49,1,DL,1,M,100,58,153,NA,MB,si,no,si,si,NC
20190326BSO,26,03,2019,BSO,4,BSO50,2,8,5,H,130,90,237,NA,MB,si,no,si,si,si
20190326BSO,26,03,2019,BSO,4,BSO51,2,4,3,M,136,100,240,34,MB,si,no,si,si,NC
20190326BSO,26,03,2019,BSO,4,BSO52,2,8,5,H,136,92,225,NA,MB,si,no,si,si,si
20190326BSO,26,03,2019,BSO,4,BSO53,1,8,5,H,135,95,216,NA,MB,si,no,si,si,no
20190326BSO,26,03,2019,BSO,4,BSO54,2,2,3,H,118,90,227,NA,MB,si,no,si,si,no
20190425BSO,25,04,2019,BSO,4,BSO55,4,2,2,M,116,75,219,29,MB,SI,NO,SI,SI ,NC
20190425BSO,25,04,2019,BSO,4,BSO56,3,8,5,M,126,89,271,38,MB,SI,NO,SI,SI,NC
20190425BSO,25,04,2019,BSO,4,BSO57,2,2,2,M,123,89,223,28,MB,SI,NO,SI,SI,NC
20190425BSO,25,04,2019,BSO,4,BSO58,2,8,5,M,150,105,253,37,MB,SI,NO,SI,SI,NC
20190425BSO,25,04,2019,BSO,4,BSO59,2,4,3,H,115,87,221,NA,MB,SI,NO,SI,SI,si
20190425BSO,25,04,2019,BSO,4,BSO60,3,4,3,H,123,87,205,NA,MB,SI,NO,SI,SI,si
20190425BSO,25,04,2019,BSO,4,BSO61,3,8,5,M,150,108,235,35,MB,SI,NO,SI,SI,NC
20190425BSO,25,04,2019,BSO,4,BSO62,6,4,3,M,145,105,235,35,MB,SI,NO,SI,SI,NC
20190425BSO,25,04,2019,BSO,4,BSO63,2,4,3,M,140,88,226,30,MB,SI,NO,SI,SI,NC
20190508BSO,08,05,2019,BSO,4,BSO64,4,8,5,H,NA,NA,230,NA,MB,no,NO,SI,SI,no
20190508BSO,08,05,2019,BSO,4,BSO65,2,DL,1,M,131,89,230,27,MB,si,NO,SI,SI,NC
20190508BSO,08,05,2019,BSO,4,BSO66,3,8,5,M,158,121,282,38,MB,si,NO,SI,SI,NC
20190508BSO,08,05,2019,BSO,4,BSO67,3,8,5,M,133,94,227,27,MB,si,NO,SI,SI,NC
20190508BSO,08,05,2019,BSO,4,BSO68,5,8,5,M,128,110,262,37,MB,si,NO,SI,SI,NC
20190617BSO,17,06,2019,BSO,4,BSO69,3,8,5,H,130,100,229,NA,MB,si,NO,SI,SI,si
20190617BSO,17,06,2019,BSO,4,BSO70,3,8,5,H,145,98,230,NA,MB,si,NO,SI,SI,si
20190617BSO,17,06,2019,BSO,4,BSO71,1,DL,1,M,98,72,170,20,MB,si,NO,SI,SI,NC
20190617BSO,17,06,2019,BSO,4,BSO72,2,8,5,H,127,93,30,NA,MB,si,NO,SI,SI,no
20190617BSO,17,06,2019,BSO,4,BSO73,4,DL,1,M,124,89,218,25,MB,si,NO,SI,SI,NC
20190617BSO,17,06,2019,BSO,4,BSO74,2,2,2,M,125,98,230,30,MB,si,NO,SI,SI,NC
20190617BSO,17,06,2019,BSO,4,BSO75,2,8,5,M,132,92,225,30,MB,si,NO,SI,SI,NC
20190617BSO,17,06,2019,BSO,4,BSO76,2,8,5,M,159,121,233,38,MB,si,NO,SI,SI,NC
20190627BSO,27,06,2019,BSO,4,BSO77,3,8,5,M,150,125,205,38,MB,si,NO,SI,SI,NC
20190627BSO,27,06,2019,BSO,4,BSO78,4,6,4,M,130,96,248,31,MB,si,NO,SI,SI,NC
20190702BSO,02,07,2019,BSO,4,BSO79,2,8,5,H,133,95,236,NA,NA,si,NO,SI,SI,si
20190702BSO,02,07,2019,BSO,4,BSO80,2,2,2,H,99,93,214,NA,NA,si,NO,SI,SI,si
20190702BSO,02,07,2019,BSO,4,BSO81,2,8,5,H,133,92,238,NA,NA,si,NO,SI,SI,si
20190702BSO,02,07,2019,BSO,4,BSO82,4,4,3,M,140,88,238,37,NA,si,NO,SI,SI,NC
20190702BSO,02,07,2019,BSO,4,BSO83,2,DL,1,H,93,59,150,NA,NA,si,NO,SI,SI,no
20190702BSO,02,07,2019,BSO,4,BSO84,2,8,5,M,150,43,270,35,NA,si,NO,SI,SI,NC
20190702BSO,02,07,2019,BSO,4,BSO85,2,8,5,H,112,77,212,NA,NA,si,NO,SI,SI,si
20190702BSO,02,07,2019,BSO,4,BSO86,2,DL,1,M,102,70,167,18,NA,si,NO,SI,SI,NC
20190702BSO,02,07,2019,BSO,4,BSO87,2,6,4,M,143,91,245,30,NA,si,NO,SI,SI,NC
20190702BSO,02,07,2019,BSO,4,BSO88,2,8,5,M,145,105,258,38,NA,si,NO,SI,SI,NC
20190702BSO,02,07,2019,BSO,4,BSO89,2,4,3,H,128,88,231,29,NA,si,NO,SI,SI,si
20190704BSO,04,07,2019,BSO,4,BSO90,2,8,5,M,132,83,265,37,NA,si,NO,SI,SI,NC
20190704BSO,04,07,2019,BSO,4,BSO91,3,8,5,M,150,108,279,39,NA,si,NO,SI,SI,NC
20190704BSO,04,07,2019,BSO,4,BSO92,2,8,5,M,148,112,286,NA,NA,si,NO,SI,SI,NC
20190712BSO,12,07,2019,BSO,4,BSO93,3,DL,1,H,125,85,175,NA,MB,si,NO,SI,SI,no
20190712BSO,12,07,2019,BSO,4,BSO94,3,DL,1,H,114,75,192,NA,MB,si,NO,SI,SI,no
20190712BSO,12,07,2019,BSO,4,BSO95,3,DL,1,M,125,74,225,NA,MB,si,NO,SI,SI,NC
20190712BSO,12,07,2019,BSO,4,BSO96,1,2,2,M,130,93,215,32,MB,si,NO,SI,SI,NC
20190812BSO,12,08,2019,BSO,4,BSO97,4,8,5,M,138,102,255,36,MB,SI,NO,SI,SI,NC
20190812BSO,12,08,2019,BSO,4,BSO98,2,8,5,H,128,88,240,NA,R,SI,NO,SI,SI,no
20190814BSO,14,08,2019,BSO,4,BSO99,,DL,1,H,NA,NA,NA,NA,NA,NO,NO,SI,SI,no
20190814BSO,14,08,2019,BSO,4,BSO100,5,8,5,M,160,111,267,37,MB,SI,NO,SI,SI,NC
20190814BSO,14,08,2019,BSO,4,BSO101,3,DL,1,H,108,73,172,20,MB,SI,NO,SI,SI,no
20190820BSO,20,08,2019,BSO,4,BSO102,2,8,5,H,134,93,237,NA,R,SI,NO,SI,SI,si
20190828BSO,28,08,2019,BSO,4,BSO103,4,8,5,M,110,272,150,34,MB,SI,NO,SI,SI,NC
20190829BSO,29,08,2019,BSO,4,BSO104,6,8,5,M,145,105,270,33,MB,SI,NO,SI,SI,NC
20190904BSO,04,09,2019,BSO,4,BSO105,2,DL,1,H,121,87,213,NA,MB,SI,NO,SI,SI,no
20190904BSO,04,09,2019,BSO,4,BSO106,3,8,5,H,126,98,229,NA,MB,SI,NO,SI,SI,si
20190923BSO,23,09,2019,BSO,4,BSO107,2,4,3,M,140,96,229,35,MB,SI,NO,SI,SI,NC
20190923BSO,23,09,2019,BSO,4,BSO108,5,6,4,M,145,112,251,36,MB,SI,NO,SI,SI,NC
20190930BSO,30,09,2019,BSO,4,BSO109,1,8,5,H,125,86,213,NA,MB,SI,NO,SI,SI,si
20190930BSO,30,09,2019,BSO,4,BSO110,1,8,5,H,139,103,245,NA,MB,SI,NO,SI,SI,si
20191015BSO,15,10,2019,BSO,4,BSO111,4,8,5,M,139,104,253,38,MB,SI,NO,SI,SI,NC
20160321BR,21,03,2016,BR,1,BR1,2,8,5,H,150,120,242,NA,MB,NO,NO,SI,SI,si
20160321BR,21,03,2016,BR,1,BR2,1,8,5,H,148,105,244,NA,MB,NO,NO,SI,NO,no
20160321BR,21,03,2016,BR,1,BR3,1,8,5,M,170,110,275,NA,MB,SI,NO,SI,NO,NC
20160321BR,21,03,2016,BR,1,BR4,1,8,5,M,153,150,269,NA,MB,SI,NO,SI,SI,NC
20160331BR,31,03,2016,BR,1,BR5,3,8,5,M,167,126,272,NA,R,SI,NO,si,si,NC
20160331BR,31,03,2016,BR,1,BR6,3,8,5,H,135,104,232,NA,R,SI,NO,SI,no,si
20160415BR,15,04,2016,BR,1,BR7,1,DL,1,H,124,73,194,NA,R,SI,NO,si,si,no
20160415BR,15,04,2016,BR,1,BR8,2,8,5,M,170,115,285,NA,MB,SI,NO,si,si,NC
20160415BR,15,04,2016,BR,1,BR9,2,6,4,M,150,102,268,NA,MB,SI,NO,si,si,NC
20160416BR,16,04,2016,BR,1,BR10,1,8,5,M,165,110,290,NA,MB,SI,NO,si,si,NC
20160425BR,25,04,2016,BR,1,BR11,1,8,5,M,166,120,265,NA,MB,SI,NO,si,si,NC
20160425BR,25,04,2016,BR,1,BR12,1,8,5,M,NA,NA,NA,NA,MB,SI,NO,si,si,NC
20160425BR,25,04,2016,BR,1,BR13,2,4,3,M,NA,NA,NA,NA,MB,SI,NO,si,si,NC
20160426BR,26,04,2016,BR,1,BR14,2,2,2,H,125,93,224,NA,MB,SI,NO,si,si,no
20160426BR,26,04,2016,BR,1,BR15,2,8,5,M,130,93,230,NA,MB,SI,NO,si,si,NC
20160426BR,26,04,2016,BR,1,BR16,2,8,5,M,134,80,212,NA,MB,SI,NO,si,si,NC
20160426BR,26,04,2016,BR,1,BR17,2,8,5,M,159,114,290,NA,MB,NO,NO,si,si,NC
20160513BR,13,05,2016,BR,1,BR18,3,8,5,M,125,115,270,NA,MB,SI,NO,si,si,NC
20160514BR,14,05,2016,BR,1,BR19,3,4,3,M,150,110,310,NA,MB,SI,NO,si,si,NC
20160527BR,27,05,2016,BR,1,BR20,1,DL,1,M,105,60,150,17,MB,SI,NO,si,si,NC
20160527BR,27,05,2016,BR,1,BR21,2,6,4,H,133,90,231,NA,MB,SI,NO,si,si,no
20160527BR,27,05,2016,BR,1,BR22,1,8,5,H,134,90,231,NA,MB,SI,NO,si,si,si
20160527BR,27,05,2016,BR,1,BR23,2,8,5,M,125,88,226,27,MB,SI,NO,si,si,NC
20160527BR,27,05,2016,BR,1,BR24,2,8,5,H,122,93,250,NA,MB,SI,NO,si,NO,si
20160527BR,27,05,2016,BR,1,BR25,1,DL,1,H,199,74,204,NA,MB,SI,NO,si,si,no
20160528BR,28,05,2016,BR,1,BR26,4,8,5,M,153,115,260,42,MB,SI,NO,si,si,NC
20160604BR,04,06,2016,BR,1,BR27,2,8,5,H,140,108,235,NA,MB,SI,NO,si,si,no
20160604BR,04,06,2016,BR,1,BR28,4,8,5,H,135,103,237,NA,MB,SI,NO,si,si,no
20160604BR,04,06,2016,BR,1,BR29,1,4,3,M,160,104,235,38,MB,SI,NO,si,si,NC
20160605BR,05,06,2016,BR,1,BR30,2,DL,1,H,125,88,226,NA,MB,SI,NO,si,si,no
20160605BR,05,06,2016,BR,1,BR31,1,8,5,H,142,92,220,NA,MB,SI,NO,si,si,no
20160605BR,05,06,2016,BR,1,BR32,3,DL,1,H,110,74,182,NA,MB,SI,NO,si,si,no
20160605BR,05,06,2016,BR,1,BR33,2,8,5,H,110,73,178,NA,MB,SI,NO,si,si,no
20160605BR,05,06,2016,BR,1,BR34,2,DL,1,H,117,72,175,NA,MB,SI,NO,si,si,no
20160609BR,09,06,2016,BR,1,BR35,3,8,5,M,120,74,196,26,MB,SI,NO,si,si,NC
20160609BR,09,06,2016,BR,1,BR36,1,8,5,H,138,90,250,NA,MB,SI,NO,si,si,si
20160624BR,24,06,2016,BR,1,BR37,3,8,5,M,135,92,240,31,R,SI,NO,SI,SI,NC
20160701BR,01,07,2016,BR,1,BR38,1,DL,1,M,125,76,162,NA,MB,SI,NO,SI,SI,NC
20160702BR,02,07,2016,BR,1,BR39,1,DL,1,H,137,81,220,28,D,SI,NO,SI,SI,no
20160707BR,07,07,2016,BR,1,BR40,1,8,5,M,160,110,280,39,MB,SI,NO,SI,SI,NC
20160707BR,07,07,2016,BR,1,BR41,1,6,4,M,158,107,272,31,MB,SI,NO,SI,SI,NC
20160707BR,07,07,2016,BR,1,BR42,2,8,5,M,134,87,233,28,MB,SI,NO,SI,SI,NC
20160723BR,23,07,2016,BR,1,BR43,2,4,3,M,150,99,252,34,MB,SI,NO,SI,SI,NC
20160723BR,23,07,2016,BR,1,BR44,1,4,3,M,153,111,266,34,MB,SI,NO,SI,SI,NC
20160724BR,24,07,2016,BR,1,BR45,3,DL,1,M,NA,NA,NA,NA,NA,,,,,NC
20160724BR,24,07,2016,BR,1,BR46,3,NA,1,M,NA,NA,NA,NA,NA,,,,,NC
20160815BR,15,08,2016,BR,1,BR47,3,2,2,H,133,84,215,NA,MB,SI,NO,SI,SI,no
20160815BR,15,08,2016,BR,1,BR48,1,DL,1,H,102,55,178,NA,MB,SI,NO,SI,SI,no
20160815BR,15,08,2016,BR,1,BR49,2,4,3,H,136,93,225,NA,R,SI,NO,SI,SI,no
20160815BR,15,08,2016,BR,1,BR50,4,8,5,M,154,100,264,26,MB,SI,NO,SI,SI,NC
20160815BR,15,08,2016,BR,1,BR51,2,8,5,M,165,113,270,24,MB,SI,NO,SI,SI,NC
20160815BR,15,08,2016,BR,1,BR52,4,8,5,M,150,112,278,28,MB,SI,NO,SI,SI,NC
20160923BR,23,09,2016,BR,1,BR53,2,4,3,M,145,90,222,35,MB,SI,NO,SI,SI,NC
20160923BR,23,09,2016,BR,1,BR54,2,8,5,M,160,104,260,36,D,SI,NO,SI,SI,NC
20160924BR,24,09,2016,BR,1,BR55,2,8,5,M,166,116,246,39,MB,SI,NO,SI,SI,NC
20160924BR,24,09,2016,BR,1,BR56,3,6,4,M,150,102,240,33,MB,SI,NO,SI,SI,NC
20160924BR,24,09,2016,BR,1,BR57,2,8,5,H,136,82,236,NA,D,SI,NO,SI,SI,no
20160924BR,24,09,2016,BR,1,BR58,2,8,5,M,153,104,285,30,D,SI,NO,SI,SI,NC
20160930BR,30,09,2016,BR,1,BR59,2,DL,1,H,120,73,220,NA,MB,SI,SI,SI,SI,no
20160930BR,30,09,2016,BR,1,BR60,1,8,5,H,133,95,227,NA,MB,SI,NO,SI,SI,si
20161001BR,01,10,2016,BR,1,BR61,2,8,5,H,140,87,240,NA,MB,SI,NO,SI,SI,no
20161023BR,23,10,2016,BR,1,BR62,1,4,3,H,130,82,222,NA,D,SI,NO,SI,SI ,no
20161023BR,23,10,2016,BR,1,BR63,2,8,5,M,166,108,275,39,MB,SI,NO,SI,SI ,NC
20161023BR,23,10,2016,BR,1,BR64,1,8,5,M,169,111,274,35,MB,SI,NO,SI,SI ,NC
20161023BR,23,10,2016,BR,1,BR65,2,4,3,M,150,87,243,34,MB,SI,NO,SI,SI ,NC
20161023BR,23,10,2016,BR,1,BR66,3,8,5,H,112,92,195,NA,MB,SI,NO,SI,SI ,no
20161023BR,23,10,2016,BR,1,BR67,2,8,5,H,135,108,234,NA,MB,SI,NO,SI,SI ,no
20161023BR,23,10,2016,BR,1,BR68,2,DL,1,M,75,44,102,NA,MB,SI,NO,SI,SI ,NC
20161029BR,29,10,2016,BR,1,BR69,2,2,2,H,134,80,220,NA,MB,SI,,,,no
20161030BR,30,10,2016,BR,1,BR70,1,8,5,H,133,80,220,NA,R,SI,NO,SI,SI ,no
20161030BR,30,10,2016,BR,1,BR71,1,2,2,M,137,86,228,26,MB,SI,NO,SI,SI ,NC
20161030BR,30,10,2016,BR,1,BR72,1,8,5,H,137,81,237,NA,R,NO,NO,SI,SI ,no
20161030BR,30,10,2016,BR,1,BR73,1,8,5,H,142,89,237,NA,MB,SI,NO,SI,SI ,no
20161030BR,30,10,2016,BR,1,BR74,1,DL,5,M,94,50,168,NA,NA,NO,NO,SI,SI,NC
20161105BR,05,11,2016,BR,1,BR75,2,DL,1,H,112,68,179,NA,MB,SI,NO,SI,SI ,no
20161118BR,18,11,2016,BR,1,BR76,2,DL,1,M,113,66,170,20,D,SI,NO,SI,SI ,NC
20161119BR,19,11,2016,BR,1,BR77,1,4,3,M,157,112,259,34,MB,NO,NO,SI ,SI ,NC
20161119BR,19,11,2016,BR,1,BR78,1,2,2,H,127,83,211,NA,MB,NO,NO,SI ,SI ,no
20161119BR,19,11,2016,BR,1,BR79,1,8,5,H,140,88,234,NA,MB,SI,NO,SI,SI ,no
20161119BR,19,11,2016,BR,1,BR80,2,DL,1,H,127,75,188,NA,MB,SI,NO,SI,SI ,no
20161119BR,19,11,2016,BR,1,BR81,1,2,2,M,150,104,240,31,MB,SI,NO,SI,SI ,NC
20161120BR,20,11,2016,BR,1,BR82,1,DL,1,M,126,74,202,NA,MB,SI,NO,SI,SI ,NC
20161120BR,20,11,2016,BR,1,BR83,1,DL,1,H,124,70,187,25,MB,SI,NO,SI,SI ,no
20161126BR,26,11,2016,BR,1,BR84,1,6,4,M,155,98,270,34,MB,SI,NO,SI,SI ,NC
20161126BR,26,11,2016,BR,1,BR85,2,8,5,H,138,90,238,NA,MB,SI,NO,SI,SI ,no
20161130BR,30,11,2016,BR,1,BR86,4,8,5,H,134,85,240,NA,MB,NO,NO,SI,SI ,no
20161207BR,07,12,2016,BR,1,BR87,2,DL,1,M,119,79,197,26,MB,SI,NO,SI,SI ,NC
20161207BR,07,12,2016,BR,1,BR88,3,DL,1,M,107,64,179,23,MB,SI,NO,SI,SI ,NC
20161217BR,17,12,2016,BR,1,BR89,2,6,4,H,133,93,232,NA,MB,SI,NO,SI,SI,si
20161223BR,23,12,2016,BR,1,BR90,1,8,5,M,157,122,269,33,MB,SI,NO,SI,SI,NC
20161223BR,23,12,2016,BR,1,BR91,5,8,5,M,168,108,290,34,MB,SI,NO,SI,SI,NC
20161223BR,23,12,2016,BR,1,BR92,2,8,5,H,NA,NA,NA,NA,NA,NO,NO,,,no
20161228BR,28,12,2016,BR,1,BR93,6,6,4,M,144,108,250,36,MB,SI,SI,,,NC
20161228BR,28,12,2016,BR,1,BR94,2,4,3,H,129,90,252,NA,MB,SI,NO,,,no
20161228BR,28,12,2016,BR,1,BR95,2,8,5,M,150,110,275,36,MB,SI,NO,SI,SI,NC
20161231BR,31,12,2016,BR,1,BR96,4,8,5,M,155,126,240,26,MB,SI,NO,SI,SI,NC
20161231BR,31,12,2016,BR,1,BR97,5,8,5,M,152,115,270,31,MB,SI,NO,SI,SI,NC
20161231BR,31,12,2016,BR,1,BR98,4,8,5,M,170,122,286,25,MB,SI,NO,SI,SI,NC
20161231BR,31,12,2016,BR,1,BR99,1,8,5,M,162,107,290,39,MB,SI,NO,SI,SI,NC
20170104BR,04,01,2017,BR,2,BR100,4,8,5,H,132,87,245,NA,MB,SI,NO,SI,SI,no
20170104BR,04,01,2017,BR,2,BR101,2,DL,1,M,121,80,198,24,MB,SI,NO,SI,SI,NC
20170106BR,06,01,2017,BR,2,BR102,2,DL,1,H,84,52,120,NA,MB,SI,NO,SI,SI,no
20170106BR,06,01,2017,BR,2,BR103,1,DL,1,M,101,56,150,14,MB,SI,NO,SI,SI,NC
20170106BR,06,01,2017,BR,2,BR104,1,DL,1,M,80,44,108,9,MB,SI,NO,SI,SI,NC
20170114BR,14,01,2017,BR,2,BR105,2,DL,1,M,133,84,215,31,NA,NO,NO,SI,SI,NC
20170114BR,14,01,2017,BR,2,BR106,1,2,2,M,140,97,240,33,NA,SI,NO,SI,SI,NC
20170114BR,14,01,2017,BR,2,BR107,4,8,1,M,157,121,278,40,MB,SI,NO,SI,SI,NC
20170114BR,14,01,2017,BR,2,BR108,2,DL,1,M,108,71,178,17,NA,SI,NO,SI,SI,NC
20170118BR,18,01,2017,BR,2,BR109,2,8,5,M,128,89,279,37,MB,SI,NO,SI,SI,NC
20170126BR,26,01,2017,BR,2,BR110,3,8,5,H,133,82,241,NA,MB,SI,NO,SI,SI,no
20170126BR,26,01,2017,BR,2,BR111,3,8,5,H,140,90,225,NA,MB,SI,NO,SI,SI,no
20170126BR,26,01,2017,BR,2,BR112,3,8,5,H,134,93,278,NA,MB,SI,NO,SI,SI,no
20170126BR,26,01,2017,BR,2,BR113,1,DL,1,M,98,67,159,16,MB,SI,NO,SI,SI,NC
20170126BR,26,01,2017,BR,2,BR114,1,DL,1,M,98,69,172,17,MB,SI,NO,SI,SI,NC
20170126BR,26,01,2017,BR,2,BR115,1,DL,1,M,98,69,178,18,MB,SI,NO,SI,SI,NC
20170127BR,27,01,2017,BR,2,BR116,2,8,5,M,98,114,274,42,MB,SI,NO,SI,SI,NC
20170127BR,27,01,2017,BR,2,BR117,3,8,5,H,98,85,195,NA,MB,SI,NO,SI,NO,no
20170131BR,31,01,2017,BR,2,BR118,2,8,5,H,98,86,252,NA,MB,SI,NO,SI,SI,no
20170131BR,31,01,2017,BR,2,BR119,2,8,5,M,98,89,202,28,MB,SI,NO,SI,SI,NC
20170131BR,31,01,2017,BR,2,BR120,1,8,5,M,98,79,183,28,MB,SI,NO,SI,SI,NC
20170131BR,31,01,2017,BR,2,BR121,2,2,2,H,98,89,242,NA,MB,SI,NO,SI,SI,no
20170202BR,02,02,2017,BR,2,BR122,2,DL,1,M,98,63,155,14,MB,SI,NO,SI,SI,NC
20170202BR,02,02,2017,BR,2,BR123,3,8,5,M,98,107,273,39,MB,SI,NO,SI,SI,NC
20170202BR,02,02,2017,BR,2,BR124,2,8,5,M,98,118,278,40,MB,NO,NO,SI,SI,NC
20170210BR,10,02,2017,BR,2,BR125,1,8,5,H,140,90,254,NA,MB,SI,NO,SI,SI,no
20170220BR,20,02,2017,BR,2,BR126,1,DL,1,H,122,78,220,NA,MB,SI,NO,SI,SI,no
20170303BR,03,03,2017,BR,2,BR127,4,8,5,M,145,105,259,36,MB,SI,NO,SI,SI,NC
20170303BR,03,03,2017,BR,2,BR128,3,2,2,M,148,115,270,34,MB,SI,NO,SI,SI,NC
20170304BR,04,03,2017,BR,2,BR129,2,8,5,M,163,105,270,34,MB,SI,NO,SI,SI,NC
20170312BR,12,03,2017,BR,2,BR130,1,4,3,M,160,108,271,40,MB,SI,NO,SI,SI,NC
20160326BR,26,03,2016,BR,1,BR131,4,8,5,M,150,114,280,40,MB,SI,NO,SI,SI,NC
20160326BR,26,03,2016,BR,1,BR132,2,4,4,H,150,100,233,NA,MB,SI,NO,SI,SI,no
20170327BR,27,03,2017,BR,2,BR133,3,NA,1,M,103,65,160,NA,MB,si,no,si,si,NC
20170330BR,30,03,2017,BR,2,BR134,1,DL,1,H,96,66,169,NA,MB,si,no,si,si,no
20170330BR,30,03,2017,BR,2,BR135,2,6,4,H,114,75,215,NA,MB,si,no,si,si,no
20170403BR,03,04,2017,BR,2,BR136,1,8,5,H,142,91,220,NA,R,SI,NO,SI,NO,no
20170403BR,03,04,2017,BR,2,BR137,2,2,2,H,146,96,242,NA,R,SI,NO,SI,SI,si
20170403BR,03,04,2017,BR,2,BR138,1,DL,1,H,74,41,114,NA,NA,NO,NO,SI,NO,no
20170417BR,17,04,2017,BR,2,BR139,1,8,5,M,148,92,203,27,MB,SI,NO,SI,SI,NC
20170417BR,17,04,2017,BR,2,BR140,1,4,3,H,141,91,239,NA,R,SI,NO,SI,SI,no
20170417BR,17,04,2017,BR,2,BR141,1,DL,1,M,128,79,217,27,MB,SI,NO,SI,SI,NC
20170417BR,17,04,2017,BR,2,BR142,3,DL,1,M,129,88,196,20,MB,SI,NO,SI,SI,NC
20170417BR,17,04,2017,BR,2,BR143,2,8,5,H,140,94,236,NA,MB,SI,NO,SI,SI,no
20170417BR,17,04,2017,BR,2,BR144,1,8,5,H,132,104,241,NA,MB,SI,NO,SI,SI,no
20170417BR,17,04,2017,BR,2,BR145,2,8,5,H,150,104,240,NA,MB,SI,NO,SI,SI,no
20170417BR,17,04,2017,BR,2,BR146,1,DL,1,H,135,88,202,NA,MB,SI,NO,SI,SI,no
20170417BR,17,04,2017,BR,2,BR147,2,2,2,H,140,94,217,NA,MB,SI,NO,SI,SI,no
20170417BR,17,04,2017,BR,2,BR148,1,8,5,H,136,91,214,NA,MB,SI,NO,SI,SI,no
20170417BR,17,04,2017,BR,2,BR149,1,6,4,M,157,108,266,37,MB,SI,NO,SI,SI,NC
20170417BR,17,04,2017,BR,2,BR150,1,8,5,H,135,88,240,NA,MB,NO,NO,SI,SI,no
20170417BR,17,04,2017,BR,2,BR151,2,6,4,H,121,63,238,NA,MB,NO,NO,SI,SI,no
20170417BR,17,04,2017,BR,2,BR152,2,DL,1,H,96,85,212,NA,MB,NO,NO,SI,SI,no
20170512BR,12,05,2017,BR,2,BR153,3,DL,1,M,113,77,180,NA,MB,SI,NO,SI,SI,NC
20170512BR,12,05,2017,BR,2,BR154,1,8,5,M,164,110,208,33,MB,SI,NO,SI,SI,NC
20170512BR,12,05,2017,BR,2,BR155,2,8,5,M,151,105,269,37,MB,SI,NO,SI,SI,NC
20170512BR,12,05,2017,BR,2,BR156,2,8,5,M,145,106,212,36,MB,SI,NO,SI,SI,NC
20170512BR,12,05,2017,BR,2,BR157,1,8,5,M,148,101,218,30,MB,SI,NO,SI,SI,NC
20170520BR,20,05,2017,BR,2,BR158,2,2,2,M,132,97,232,NA,NA,no,no,si,si,NC
20170528BR,28,05,2017,BR,2,BR159,2,2,2,H,133,91,229,NA,MB,SI,NO,SI,SI,no
20170528BR,28,05,2017,BR,2,BR160,2,8,5,M,157,116,271,NA,MB,SI,NO,SI,SI,NC
20170528BR,28,05,2017,BR,2,BR161,1,6,4,H,139,89,219,NA,MB,SI,NO,SI,SI,no
20170528BR,28,05,2017,BR,2,BR162,2,4,4,M,NA,NA,252,39,MB,SI,NO,SI,SI,NC
20170604BR,04,06,2017,BR,2,BR163,2,4,4,M,155,97,241,32,MB,si,no,si,si,NC
20170604BR,04,06,2017,BR,2,BR164,1,8,5,M,159,112,272,35,MB,si,no,si,si,NC
20170619BR,19,06,2017,BR,2,BR 165,1,4,3,M,148,55,235,30,MB,si,no,,,NC
20170619BR,19,06,2017,BR,2,BR 166,2,4,3,M,147,102,230,30,MB,si,no,,,NC
20170619BR,19,06,2017,BR,2,BR 167,2,2,2,M,136,85,226,24,MB,si,no,,,NC
20170619BR,19,06,2017,BR,2,BR 168,1,8,5,M,148,110,298,35,MB,,no,,,NC
20170619BR,19,06,2017,BR,2,BR 169,2,8,5,M,120,112,298,NA,MB,,no,,,NC
20170619BR,19,06,2017,BR,2,BR 170,1,4,3,M,151,108,213,NA,MB,no,no,no,no,NC
20170625BR,25,06,2017,BR,2,BR 171,2,8,5,M,160,116,278,39,MB,si,no,si,si,NC
20170701BR,01,07,2017,BR,2,BR172,1,6,4,M,159,111,300,34,MB,SI,NO,SI,SI,NC
20170702BR,02,07,2017,BR,2,BR173,2,DL,1,M,138,84,211,28,MB,si,no,si,si,NC
20170715BR,15,07,2017,BR,2,BR174,1,4,2,H,134,90,223,NA,D,SI,NO,SI,SI,si
20170715BR,15,07,2017,BR,2,BR175,2,8,5,H,141,95,242,NA,MB,si,no,si,si,si
20170716BR,16,07,2017,BR,2,BR176,2,2,1,H,127,82,230,NA,MB,si,no,si,si,no
20170722BR,22,07,2017,BR,2,BR177,1,6,4,M,136,97,242,NA,MB,si,no,si,si,NC
20170729BR,29,07,2017,BR,2,BR178,,8,5,M,160,120,276,NA,MB,no,S,si,si,NC
20170806BR,06,08,2017,BR,2,BR179,1,8,5,H,132,87,229,NA,R,si,no,si,si,si
20170829BR,29,08,2017,BR,2,BR180,2,DL,1,H,121,77,187,NA,MB,SI,NO,SI,SI,no
20170903BR,03,09,2017,BR,2,BR181,2,DL,1,H,137,85,200,NA,MB,si,no,si,si,no
20170903BR,03,09,2017,BR,2,BR182,3,DL,1,H,112,73,196,NA,MB,si,no,si,si,no
20170903BR,03,09,2017,BR,2,BR183,3,8,5,H,138,83,232,NA,MB,si,no,si,si,si
20170905BR,05,09,2017,BR,2,BR184,2,6,4,M,137,109,310,33,MB,SI,NO,NO,SI,NC
20170916BR,16,09,2017,BR,2,BR185,1,DL,1,M,127,77,117,26,MB,SI,NO,SI,SI,NC
20170916BR,16,09,2017,BR,2,BR186,1,DL,1,H,110,66,168,NA,D,,NO,SI,SI,no
20170916BR,16,09,2017,BR,2,BR187,2,DL,1,M,126,71,165,27,MB,,NO,SI,SI,NC
20170923BR,23,09,2017,BR,2,BR188,1,8,5,H,135,88,244,NA,MB,SI,NO,SI,SI,si
20170923BR,23,09,2017,BR,2,BR189,1,DL,1,M,121,74,194,28,MB,SI,NO,SI,SI,NC
20170923BR,23,09,2017,BR,2,BR190,2,8,5,H,140,86,234,NA,MB,NO,NO,SI,NO,no
20170923BR,23,09,2017,BR,2,BR191,1,8,5,H,147,95,245,NA,MB,SI,NO,SI,SI,si
20170923BR,23,09,2017,BR,2,BR192,2,DL,1,M,119,70,171,23,MB,SI,NO,SI,SI,NC
20170923BR,23,09,2017,BR,2,BR193,2,2,2,H,124,85,212,NA,MB,SI,NO,SI,SI,si
20170923BR,23,09,2017,BR,2,BR194,1,DL,1,M,112,53,158,19,MB,SI,NO,SI,SI,NC
20170923BR,23,09,2017,BR,2,BR195,2,DL,1,H,106,77,194,NA,MB,SI,NO,SI,SI,no
20170923BR,23,09,2017,BR,2,BR196,1,8,5,H,145,95,257,NA,MB,SI,NO,SI,SI,no
20170923BR,23,09,2017,BR,2,BR197,1,2,2,H,139,91,218,NA,MB,SI,NO,SI,SI,si
20170923BR,23,09,2017,BR,2,BR198,1,8,5,H,142,96,260,NA,MB,SI,NO,SI,SI,si
20170923BR,23,09,2017,BR,2,BR199,1,8,5,H,148,87,217,NA,R,SI,NO,SI,SI,si
20170923BR,23,09,2017,BR,2,BR200,2,8,5,H,140,90,232,NA,MB,SI,NO,SI,SI,si
20170923BR,23,09,2017,BR,2,BR201,3,2,2,H,124,84,224,NA,MB,SI,NO,SI,SI,si
20170923BR,23,09,2017,BR,2,BR202,1,4,3,M,147,94,233,30,MB,SI,NO,SI,SI,NC
20170923BR,23,09,2017,BR,2,BR203,2,8,5,M,149,108,270,35,MB,SI,NO,SI,SI,NC
20170924BR,24,09,2017,BR,2,BR204,1,DL,1,H,75,42,108,NA,MB,SI,NO,SI,SI,no
20170930BR,30,09,2017,BR,2,BR205,2,4,3,H,130,84,215,NA,MB,SI,NO,SI,SI,si
20170930BR,30,09,2017,BR,2,BR206,2,4,3,H,123,84,217,NA,MB,SI,NO,SI,SI,si
20170930BR,30,09,2017,BR,2,BR207,3,8,5,M,110,68,175,20,MB,SI,NO,SI,SI,NC
20170930BR,30,09,2017,BR,2,BR208,4,8,5,M,116,68,172,21,MB,SI,NO,SI,SI,NC
20171121BR,21,11,2017,BR,2,BR209,1,6,4,M,128,NA,255,36,MB,SI,NO,SI,SI,NC
20171121BR,21,11,2017,BR,2,BR210,2,8,5,H,131,NA,238,NA,MB,SI,NO,SI,SI,no
20171202BR,02,12,2017,BR,2,BR211,1,6,4,H,135,80,227,NA,MB,SI,NO,SI,SI,si
20171202BR,02,12,2017,BR,2,BR212,1,8,5,M,121,75,201,33,MB,SI,NO,SI,SI,NC
20171202BR,02,12,2017,BR,2,BR213,2,8,5,H,127,74,217,NA,MB,SI,NO,SI,SI,no
20171202BR,02,12,2017,BR,2,BR214,2,8,5,H,133,81,228,NA,MB,SI,NO,SI,SI,no
20171202BR,02,12,2017,BR,2,BR215,2,8,5,M,139,101,279,39,MB,SI,NO,SI,SI,NC
20171202BR,02,12,2017,BR,2,BR216,1,8,5,H,123,68,206,NA,MB,SI,NO,SI,SI,no
20171202BR,02,12,2017,BR,2,BR217,2,4,3,H,132,78,225,NA,MB,SI,NO,SI,SI,si
20171202BR,02,12,2017,BR,2,BR218,1,2,2,M,131,80,219,29,MB,SI,NO,SI,SI,NC
20171202BR,02,12,2017,BR,2,BR219,1,2,2,M,129,87,225,30,MB,SI,NO,SI,SI,NC
20171202BR,02,12,2017,BR,2,BR220,1,8,5,M,148,98,269,40,MB,SI,NO,SI,SI,NC
20171202BR,02,12,2017,BR,2,BR221,1,8,5,M,166,107,275,37,MB,SI,NO,SI,SI,NC
20171203BR,03,12,2017,BR,2,BR222,1,8,5,M,164,125,282,40,MB,SI,NO,SI,SI,NC
20171203BR,03,12,2017,BR,2,BR223,2,8,5,H,135,85,250,NA,D,SI,NO,SI,SI,no
20171203BR,03,12,2017,BR,2,BR224,2,8,5,M,150,94,248,39,MB,SI,NO,SI,SI,NC
20171203BR,03,12,2017,BR,2,BR225,3,6,4,M,162,120,271,32,MB,SI,NO,SI,SI,NC
20171209BR,09,12,2017,BR,2,BR226,1,2,2,H,139,97,239,NA,MB,SI,NO,SI,SI,no
20171209BR,09,12,2017,BR,2,BR227,2,2,2,M,150,106,240,35,MB,SI,NO,SI,SI,NC
20171209BR,09,12,2017,BR,2,BR228,1,DL,1,M,133,84,208,33,MB,SI,NO,SI,SI,NC
20171209BR,09,12,2017,BR,2,BR229,3,4,3,H,140,96,217,NA,MB,SI,NO,SI,SI,no
20171209BR,09,12,2017,BR,2,BR230,1,2,2,M,142,95,260,33,MB,SI,,,,NC
20171209BR,09,12,2017,BR,2,BR231,1,8,5,H,143,94,243,NA,MB,SI,NO,NO,SI,no
20171209BR,09,12,2017,BR,2,BR232,1,8,5,M,150,106,254,36,MB,SI,NO,SI,SI,NC
20171216BR,16,12,2017,BR,2,BR233,3,NA,1,M,130,75,201,29,MB,SI,NO,SI,SI,NC
20171216BR,16,12,2017,BR,2,BR234,1,NA,5,M,160,110,260,28,MB,No,NO,SI,SI,NC
20171216BR,16,12,2017,BR,2,BR235,2,NA,1,H,113,76,198,NA,MB,SI,NO,SI,SI,no
20180107BR,07,01,2018,BR,3,BR236,1,DL,1,M,105,65,152,15,MB,SI,NO,SI,SI,NC
20180107BR,07,01,2018,BR,3,BR237,1,DL,1,M,106,65,150,18,MB,SI,NO,SI,SI,NC
20180107BR,07,01,2018,BR,3,BR238,1,8,5,H,153,96,259,NA,MB,SI,NO,SI,SI,no
20180107BR,07,01,2018,BR,3,BR239,1,DL,1,M,80,41,111,11,MB,SI,NO,SI,SI,NC
20180107BR,07,01,2018,BR,3,BR 240,3,8,5,M,152,111,291,36,MB,SI,NO,SI,SI,NC
20180121BR,21,01,2018,BR,3,BR241,1,2,2,M,136,88,200,33,MB,SI,NO,SI,SI,NC
20180121BR,21,01,2018,BR,3,BR242,2,6,4,M,165,123,255,34,MB,SI,NO,SI,SI,NC
20180121BR,21,01,2018,BR,3,BR243,3,DL,1,H,122,82,188,NA,MB,SI,NO,SI,SI,no
20180121BR,21,01,2018,BR,3,BR244,2,DL,1,H,91,79,190,NA,MB,SI,NO,SI,SI,no
20180121BR,21,01,2018,BR,3,BR245,4,2,2,M,134,84,211,32,MB,SI,NO,SI,SI,NC
20180225BR,25,02,2018,BR,3,BR246,2,8,5,M,161,106,269,32,MB,SI,NO,SI,SI,NC
20180225BR,25,02,2018,BR,3,BR247,1,8,5,H,140,88,235,NA,MB,SI,NO,SI,SI,no
20180605BR,05,06,2018,BR,3,BR248,1,8,5,M,162,114,268,33,MB,SI,NO,SI,SI,NC
20180712BR,12,07,2018,BR,3,BR249,3,DL,1,H,114,78,200,NA,MB,SI,NO,SI,SI,no
20180824BR,24,08,2018,BR,3,BR250,2,6,4,H,132,94,230,NA,MB,SI,NO,SI,SI,si
20180825BR,25,08,2018,BR,3,BR251,2,8,5,H,128,86,215,NA,MB,SI,NO,SI,SI,si
20180906BR,06,09,2018,BR,3,BR252,1,8,5,H,132,87,253,NA,MB,SI,NO,SI,SI,no
20180906BR,06,09,2018,BR,3,BR253,4,8,5,H,138,93,226,NA,MB,SI,NO,SI,SI,si
20180922BR,22,09,2018,BR,3,BR254,3,2,2,H,110,76,211,NA,MB,SI,NO,SI,SI,si
20180922BR,22,09,2018,BR,3,BR255,3,4,4,H,134,90,2.25,NA,MB,SI,NO,SI,SI,si
20180923BR,23,09,2018,BR,3,BR256,1,2,2,H,127,82,217,NA,MB,SI,NO,SI,SI,si
20180923BR,23,09,2018,BR,3,BR257,2,6,4,M,145,89,246,35,MB,SI,NO,SI,SI,NC
20180923BR,23,09,2018,BR,3,BR258,2,DL,1,M,131,89,193,30,MB,SI,NO,SI,SI,NC
20180923BR,23,09,2018,BR,3,BR259,2,2,2,M,120,85,209,31,MB,SI,NO,SI,SI,NC
20180927BR,27,09,2018,BR,3,BR260,1,6,4,M,155,110,245,36,MB,SI,NO,SI,SI,NC
20180928BR,28,09,2018,BR,3,BR261,1,DL,1,H,78,38,108,8,MB,SI,NO,SI,SI,no
20181008BR,08,10,2018,BR,3,BR262,2,8,5,H,132,91,269,NA,MB,SI,NO,SI,SI,no
20181008BR,08,10,2018,BR,3,BR263,3,6,4,M,131,94,242,40,MB,SI,NO,SI,SI,NC
20181008BR,08,10,2018,BR,3,BR264,5,4,3,M,136,83,229,34,MB,SI,NO,SI,SI,NC
20181008BR,08,10,2018,BR,3,BR265,5,4,3,M,137,87,249,30,MB,SI,NO,SI,SI,NC
20181009BR,09,10,2018,BR,3,BR266,3,DL,1,H,111,71,175,34,MB,SI,NO,SI,SI,no
20181009BR,09,10,2018,BR,3,BR267,2,2,2,M,126,107,234,34,MB,NO,NO,SI,SI,NC
20181108BR,08,11,2018,BR,3,BR268,3,8,5,M,135,92,235,33,MB,SI,NO,SI,SI,NC
20181109BR,09,11,2018,BR,3,BR269,1,8,5,H,143,93,250,NA,R,SI,NO,SI,SI,no
20181109BR,09,11,2018,BR,3,BR270,2,8,5,M,136,71,223,30,MB,SI,NO,SI,SI,NC
20181109BR,09,11,2018,BR,3,BR271,1,8,5,M,120,68,181,23,MB,SI,NO,SI,SI,NC
20181113BR,13,11,2018,BR,3,BR272,7,8,5,M,140,NA,274,NA,MB,SI,NO,SI,SI,NC
20181113BR,13,11,2018,BR,3,BR273,4,8,5,M,144,111,284,39,R,SI,NO,SI,SI,NC
20181113BR,13,11,2018,BR,3,BR274,1,8,5,H,134,57,230,NA,MB,SI,NO,SI,SI,si
20181113BR,13,11,2018,BR,3,BR275,1,DL,1,H,117,75,188,NA,MB,SI,NO,SI,SI,no
20181113BR,13,11,2018,BR,3,BR276,3,NA,NA,H,NA,NA,NA,NA,NA,,,,,
20181114BR,14,11,2018,BR,3,BR277,1,4,3,H,134,82,237,NA,MB,SI,NO,SI,SI,no
20181114BR,14,11,2018,BR,3,BR278,2,2,2,H,112,87,217,NA,MB,SI,NO,SI,SI,no
20181117BR,17,11,2018,BR,3,BR279,2,8,5,H,117,86,233,NA,MB,SI,NO,SI,SI,no
20181117BR,17,11,2018,BR,3,BR280,2,2,2,H,120,90,204,NA,MB,SI,NO,SI,SI,no
20181117BR,17,11,2018,BR,3,BR281,1,DL,1,H,122,73,161,NA,MB,SI,NO,SI,SI,no
20181117BR,17,11,2018,BR,3,BR282,2,DL,1,M,128,82,207,29,MB,SI,SI,SI,SI,NC
20181117BR,17,11,2018,BR,3,BR283,1,8,5,M,152,97,222,35,MB,SI,NO,SI,SI,NC
20181117BR,17,11,2018,BR,3,BR284,2,8,5,M,135,106,281,35,MB,SI,NO,SI,SI,NC
20181117BR,17,11,2018,BR,3,BR285,2,2,2,M,127,90,226,30,MB,SI,NO,SI,SI,NC
20181117BR,17,11,2018,BR,3,BR286,3,8,5,M,139,109,281,37,MB,NO,NO,SI,SI,NC
20181126BR,26,11,2018,BR,3,BR287,1,4,3,M,242,136,89,33,R,SI,NO,SI,SI,NC
20181126BR,26,11,2018,BR,3,BR288,1,8,5,H,120,77,214,NA,MB,SI,NO,SI,SI,si
20181126BR,26,11,2018,BR,3,BR289,3,8,5,M,149,1150,280,39,MB,SI,NO,SI,SI,NC
20181126BR,26,11,2018,BR,3,BR290,3,8,5,M,132,87,229,NA,MB,SI,NO,SI,SI,NC
20181126BR,26,11,2018,BR,3,BR291,1,6,4,H,142,98,230,NA,MB,SI,NO,SI,SI,no
20181126BR,26,11,2018,BR,3,BR292,1,2,2,H,125,76,209,NA,MB,SI,NO,SI,SI,si
20181126BR,26,11,2018,BR,3,BR293,1,8,5,M,148,105,268,36,MB,SI,NO,SI,SI,NC
20181126BR,26,11,2018,BR,3,BR294,2,2,2,M,134,88,209,35,MB,SI,SI,SI,SI,NC
20181126BR,26,11,2018,BR,3,BR295,6,8,5,M,150,107,271,38,MB,SI,NO,SI,SI,NC
20181126BR,26,11,2018,BR,3,BR296,4,8,5,M,136,103,259,32,MB,SI,NO,SI,SI,NC
20181208BR,08,12,2018,BR,3,BR297,3,DL,1,M,95,60,150,15,MB,si,no,si,si,NC
20181208BR,08,12,2018,BR,3,BR298,2,6,4,H,128,88,229,NA,MB,SI,NO,SI,SI,no
20181208BR,08,12,2018,BR,3,BR299,2,DL,1,H,82,44,121,NA,MB,SI,NO,SI,SI,no
20181208BR,08,12,2018,BR,3,BR300,2,DL,1,H,93,53,145,NA,MB,SI,NO,SI,SI,no
20181208BR,08,12,2018,BR,3,BR301,2,8,5,M,150,105,280,44,MB,SI,NO,SI,SI,NC
20181209BR,09,12,2018,BR,3,BR302,2,NA,5,H,115,81,247,NA,MB,SI,NO,SI,SI,no
20181209BR,09,12,2018,BR,3,BR303,2,6,4,M,155,104,256,35,MB,SI,NO,SI,SI,NC
20181209BR,09,12,2018,BR,3,BR304,3,6,4,M,140,101,228,37,MB,SI,NO,SI,SI,NC
20181209BR,09,12,2018,BR,3,BR305,3,4,3,M,140,101,235,33,MB,SI,NO,SI,SI,NC
20181214BR,14,12,2018,BR,3,BR306,2,8,5,M,145,95,275,35,MB,SI,NO,SI,SI,NC
20190107BR,07,01,2019,BR,4,BR307,2,8,5,H,138,89,236,NA,MB,SI,SI,SI,SI,si
20190114BR,14,01,2019,BR,4,BR308,1,8,5,M,163,110,240,36,MB,SI,NO,SI,SI,NC
20190114BR,14,01,2019,BR,4,BR309,2,8,5,H,118,83,232,NA,MB,SI,NO,SI,SI,si
20190114BR,14,01,2019,BR,4,BR310,3,DL,1,H,100,60,152,NA,MB,SI,NO,SI,SI,no
20190118BR,18,01,2019,BR,4,BR311,1,8,5,H,133,92,217,NA,MB,SI,NO,SI,SI,no
20190118BR,18,01,2019,BR,4,BR312,1,DL,1,M,130,90,202,30,MB,SI,NO,SI,SI,NC
20190123BR,23,01,2019,BR,4,BR313,1,4,3,H,124,88,239,NA,MB,SI,NO,SI,SI,si
20190308BR,08,03,2019,BR,4,BR314,2,8,5,H,92,128,209,NA,MB,SI,NO,SI,SI,si
20190308BR,08,03,2019,BR,4,BR315,3,DL,1,H,80,118,213,NA,MB,SI,NO,SI,SI,si
20190308BR,08,03,2019,BR,4,BR316,2,DL,1,M,96,61,148,18,MB,SI,NO,SI,SI,NC
20190312BR,12,03,2019,BR,4,BR317,2,DL,1,M,104,66,169,18,MB,SI,NO,SI,SI,NC
20190426BR,26,04,2019,BR,4,BR318,3,4,3,M,134,95,240,30,MB,SI,NO,SI,SI,NC
20190426BR,26,04,2019,BR,4,BR319,2,DL,1,H,116,77,199,NA,MB,SI,NO,SI,SI,no
20190426BR,26,04,2019,BR,4,BR320,1,6,4,M,140,105,232,35,MB,SI,NO,SI,SI,NC
20190426BR,26,04,2019,BR,4,BR321,1,6,4,M,130,98,265,35,MB,SI,NO,SI,SI,NC
20190505BR,05,05,2019,BR,4,BR322,2,DL,1,M,121,77,177,23,MB,SI,NO,SI,SI,NC
20190505BR,05,05,2019,BR,4,BR323,2,8,5,H,135,90,260,NA,MB,SI,NO,SI,SI,si
20190528BR,28,05,2019,BR,4,BR324,1,8,5,M,140,97,322,39,MB,SI,NO,SI,SI,NC
20190530BR,30,05,2019,BR,4,BR325,2,8,5,H,130,98,278,NA,MB,SI,NO,SI,SI,si
20190604BR,04,06,2019,BR,4,BR326,2,8,5,M,150,113,260,36,MB,SI,NO,SI,SI,NC
20190727BR,27,07,2019,BR,4,BR327,1,8,5,M,140,110,260,36,MB,SI,NO,SI,SI,NC
20190704BR,04,07,2019,BR,4,BR328,2,8,5,H,124,90,216,NA,MB,SI,NO,SI,SI,si
20190720BR,20,07,2019,BR,4,BR329,4,8,5,M,145,115,270,NA,MB,SI,NO,SI,SI,NC
20190724BR,24,07,2019,BR,4,BR330,5,8,5,M,152,120,280,35,MB,SI,NO,SI,SI,NC
20190729BR,29,07,2019,BR,4,BR331,4,8,5,M,131,106,246,38,MB,SI,NO,SI,SI,NC
20190731BR,31,07,2019,BR,4,BR332,1,DL,1,H,99,67,161,NA,MB,SI,NO,SI,SI,no
20190805BR,05,08,2019,BR,4,BR333,4,8,5,H,150,103,220,NA,MB,SI,NO,SI,SI,si
20190805BR,05,08,2019,BR,4,BR334,3,DL,1,H,130,88,180,NA,MB,SI,NO,SI,SI,no
20190805BR,05,08,2019,BR,4,BR335,5,6,4,H,138,93,215,NA,MB,SI,NO,SI,SI,si
20190805BR,05,08,2019,BR,4,BR336,4,DL,1,M,136,96,208,31,MB,SI,NO,SI,SI,NC
20190805BR,05,08,2019,BR,4,BR338,,NA,2,H,120,98,254,NA,NA,NO,NO,SI,SI,no
20190809BR,09,08,2019,BR,4,BR337,2,8,5,M,150,128,260,39,MB,SI,NO,SI,SI,NC
20190816BR,16,08,2019,BR,4,BR339,2,2,2,M,138,93,231,33,MB,SI,NO,SI,SI,NC
20190816BR,16,08,2019,BR,4,BR340,2,4,3,M,123,101,245,38,MB,SI,NO,SI,SI,NC
20190821BR,21,08,2019,BR,4,BR341,2,6,4,M,153,123,279,44,MB,SI,NO,SI,SI,NC
20190830BR,30,08,2019,BR,4,BR342,,NA,2,H,NA,NA,NA,NA,NA,,,,,no
20190902BR,02,09,2019,BR,4,BR343,1,4,3,M,147,102,210,30,MB,SI,NO,SI,SI,NC
20190912BR,12,09,2019,BR,4,BR344,3,8,5,H,135,92,225,NA,MB,SI,NO,SI,SI,si
20191028BR,28,10,2019,BR,4,BR345,2,DL,1,M,112,72,195,26,MB,SI,SIN PLOMO,si,si,NC
20191028BR,28,10,2019,BR,4,BR346,1,4,3,H,125,88,224,NA,MB,SI,SIN PLOMO,si,si,si
20191028BR,28,10,2019,BR,4,BR347,2,2,2,H,125,80,216,NA,MB,SI,SIN PLOMO,si,si,si
20200102BR,02,01,2020,BR,5,BR348,4,6,4,M,157,124,252,NA,MB,SI,NO,SI,SI,NC
20200302BR,02,03,2020,BR,5,BR349,3,8,5,M,152,106,266,40,MB,NO,NO,SI,SI,NC
20200305BR,05,03,2020,BR,5,BR350,2,DL,1,M,135,88,219,32,MB,SI,NO,SI,SI,NC
20200305BR,05,03,2020,BR,5,BR351,2,DL,1,M,128,101,197,31,MB,SI,NO,SI,SI,NC
20200305BR,05,03,2020,BR,5,BR352,4,8,5,H,133,102,257,NA,MB,SI,NO,SI,SI,si
20200305BR,05,03,2020,BR,5,BR353,3,8,5,H,137,99,247,NA,MB,SI,NO,SI,SI,si
